PerCapCrimeRate,ResidentialLandOver25K,CharlesRiverDummy,Pre1940sOwnerOcc,WeightedDistToEmploy,RadialHighwayAccessIndex,AfroAmericanProportion,MedianHomeValue
-0.4197819386460083,0.28482986096735546,-0.27259856706992697,-0.12001341619804987,0.14021360349292905,-1.89933925294584,0.4410519326070325,24.0
-0.4173392644935286,-0.48772236467012914,-0.27259856706992697,0.36716641853177445,0.5571598750882428,-1.4896778454477175,0.4410519326070325,21.6
-0.4173415919581808,-0.48772236467012914,-0.27259856706992697,-0.2658117608982163,0.5571598750882428,-1.4896778454477175,0.39642699409025545,34.7
-0.416750415936523,-0.48772236467012914,-0.27259856706992697,-0.8098885106329836,1.0777366189304816,-1.0800164379495953,0.41616283913453045,33.4
-0.41248184576439545,-0.48772236467012914,-0.27259856706992697,-0.5111797068570327,1.0777366189304816,-1.0800164379495953,0.4410519326070325,36.2
-0.4170436764826997,-0.48772236467012914,-0.27259856706992697,-0.3511571334056307,1.0777366189304816,-1.0800164379495953,0.410571016371986,28.7
-0.4102428247689828,0.04877223646701293,-0.27259856706992697,-0.07022861556872506,0.839243922020929,-0.2606936229533507,0.42679826674172333,22.9
-0.40369566670235524,0.04877223646701293,-0.27259856706992697,0.978808254834911,1.024637886132401,-0.2606936229533507,0.4410519326070325,27.1
-0.3959347358196075,0.04877223646701293,-0.27259856706992697,1.1174944851594597,1.0871964647915542,-0.2606936229533507,0.3284479722710865,16.5
-0.40072931300313136,0.04877223646701293,-0.27259856706992697,0.6160904216783999,1.3296347255527103,-0.2606936229533507,0.32932512093972083,18.9
-0.3943462411944837,0.04877223646701293,-0.27259856706992697,0.9147992254543502,1.2129791389041071,-0.2606936229533507,0.393028042999297,15.0
-0.4068470538414287,0.04877223646701293,-0.27259856706992697,0.5094087060441319,1.1559348422544233,-0.2606936229533507,0.4410519326070325,18.9
-0.40960393572195497,0.04877223646701293,-0.27259856706992697,-1.051700399403991,0.7871434644142177,-0.2606936229533507,0.3708800391162776,21.7
-0.34723021050775266,-0.48772236467012914,-0.27259856706992697,-0.24091936058355387,0.4337540466694266,-0.6703550304514729,0.4410519326070325,20.4
-0.3462759500003523,-0.48772236467012914,-0.27259856706992697,0.5663056210490747,0.317003386193074,-0.6703550304514729,0.25597356352516587,18.2
-0.3475060150690379,-0.48772236467012914,-0.27259856706992697,-0.42939039153742736,0.3344494335851022,-0.6703550304514729,0.42701755390888174,19.9
-0.2978681764316524,-0.48772236467012914,-0.27259856706992697,-1.396637946621458,0.3344494335851022,-0.6703550304514729,0.33086013110983153,23.1
-0.32925752846349465,-0.48772236467012914,-0.27259856706992697,0.4667360197904245,0.22002808188861175,-0.6703550304514729,0.32976369527403826,17.5
-0.3271034599278872,-0.48772236467012914,-0.27259856706992697,-1.1370457719114055,0.0006927612705775703,-0.6703550304514729,-0.7421119777972465,20.2
-0.33605372524790716,-0.48772236467012914,-0.27259856706992697,0.032897042877734275,0.0006927612705775703,-0.6703550304514729,0.3758140003773462,18.2
-0.27484256862747686,-0.48772236467012914,-0.27259856706992697,1.0499293985910896,0.0013582780648238077,-0.6703550304514729,0.21814652719030578,13.6
-0.3213627683632456,-0.48772236467012914,-0.27259856706992697,0.7334403088760947,0.10327742141225876,-0.6703550304514729,0.3931376865828762,19.6
-0.2770908994814982,-0.48772236467012914,-0.27259856706992697,0.8223417385713181,0.08644935390060221,-0.6703550304514729,0.4410519326070325,15.2
-0.30549062316759457,-0.48772236467012914,-0.27259856706992697,1.1174944851594597,0.14268552301441548,-0.6703550304514729,0.415176046882317,14.5
-0.3332072359782714,-0.48772236467012914,-0.27259856706992697,0.9076871110787322,0.2873878888491134,-0.6703550304514729,0.4128735316271512,15.6
-0.32270106053825837,-0.48772236467012914,-0.27259856706992697,0.6089783073027819,0.31353319148021835,-0.6703550304514729,-0.5838962866923094,13.9
-0.34232507875324947,-0.48772236467012914,-0.27259856706992697,0.7725569379419928,0.4216321336313692,-0.6703550304514729,0.22154547828126425,16.6
-0.3092913729446307,-0.48772236467012914,-0.27259856706992697,0.7192160801248587,0.3129627485137216,-0.6703550304514729,-0.5514417859528353,14.8
-0.33056207240105057,-0.48772236467012914,-0.27259856706992697,0.9183552826421595,0.31358072839409296,-0.6703550304514729,0.3428112817199755,18.4
-0.30385907044640514,-0.48772236467012914,-0.27259856706992697,0.6658752223077247,0.2110436051662864,-0.6703550304514729,0.25827607878033165,21.0
-0.28892140230861074,-0.48772236467012914,-0.27259856706992697,0.9076871110787322,0.2081913903338021,-0.6703550304514729,0.038331050120245985,12.7
-0.2628642717949498,-0.48772236467012914,-0.27259856706992697,1.1174944851594597,0.180619980286455,-0.6703550304514729,0.21990082452757492,14.5
-0.2589925343460216,-0.48772236467012914,-0.27259856706992697,0.47740419135385126,0.09267668961819274,-0.6703550304514729,-1.360392145600947,13.2
-0.2864880380147398,-0.48772236467012914,-0.27259856706992697,0.9396916257690129,-0.003728171719772962,-0.6703550304514729,0.022980948419142923,13.1
-0.23282834045835957,-0.48772236467012914,-0.27259856706992697,1.0072567123373828,-0.016753286121450797,-0.6703550304514729,-1.188142075797859,13.5
-0.41304974713953124,-0.48772236467012914,-0.27259856706992697,-0.01333170056378179,-0.20666325705102287,-0.2606936229533507,0.4410519326070325,18.9
-0.4091780096906031,-0.48772236467012914,-0.27259856706992697,-0.2551435893347896,-0.19829676020906933,-0.2606936229533507,0.22900124196465707,20.0
-0.4111912666147527,-0.48772236467012914,-0.27259856706992697,-0.9627989697087678,0.06615109167608976,-0.2606936229533507,0.4410519326070325,21.0
-0.40014628310775624,-0.48772236467012914,-0.27259856706992697,-1.3646334319311773,0.02484151351894378,-0.2606936229533507,0.403005609105014,24.7
-0.4173020250590935,2.7312452421527236,-0.27259856706992697,-1.6633422357071281,0.7634700813045987,-1.0800164379495953,0.427127197492461,30.8
-0.41660844059273905,2.7312452421527236,-0.27259856706992697,-1.8767056669756643,0.7634700813045987,-1.0800164379495953,0.42701755390888174,34.9
-0.405686812712309,-0.48772236467012914,-0.27259856706992697,-2.3354370442030166,0.9154931318760063,-1.0800164379495953,0.3150714550744117,26.6
-0.40405060506181517,-0.48772236467012914,-0.27259856706992697,-2.203862928254086,0.9154931318760063,-1.0800164379495953,0.29270416402423327,25.3
-0.4019721791274041,-0.48772236467012914,-0.27259856706992697,-2.2074189854418953,0.9154931318760063,-1.0800164379495953,0.4142988982136821,24.7
-0.4062395855672056,-0.48772236467012914,-0.27259856706992697,-1.0161398275259017,0.9154931318760063,-1.0800164379495953,0.3587096013389746,21.2
-0.4005687179421299,-0.48772236467012914,-0.27259856706992697,-1.2366153731700558,0.6205265812832662,-1.0800164379495953,0.4410519326070325,19.3
-0.3985973553817198,-0.48772236467012914,-0.27259856706992697,-1.2543956591091006,0.6205265812832662,-1.0800164379495953,0.4410519326070325,20.0
-0.39383652643565276,-0.48772236467012914,-0.27259856706992697,0.601866192927164,0.9005190040054641,-1.0800164379495953,0.395440201838042,16.6
-0.3909737449134516,-0.48772236467012914,-0.27259856706992697,0.9503597973324396,0.9863706704632383,-1.0800164379495953,0.4410519326070325,14.4
-0.39494207214544585,-0.48772236467012914,-0.27259856706992697,-0.23380724620793591,1.0898585319685394,-1.0800164379495953,0.4410519326070325,19.4
-0.4101916205466345,0.41358856524026955,-0.27259856706992697,-0.8134445678207923,1.4354518958378737,-0.6703550304514729,0.4263596924074059,19.7
-0.4154703103778152,0.41358856524026955,-0.27259856706992697,-0.19824667432984655,1.4354518958378737,-0.6703550304514729,0.4089263626182967,20.5
-0.41427981220821686,0.41358856524026955,-0.27259856706992697,-1.6882346360217906,1.4354518958378737,-0.6703550304514729,0.4410519326070325,25.0
-0.414720866759808,0.41358856524026955,-0.27259856706992697,-1.6775664644583639,1.4354518958378737,-0.6703550304514729,0.4410519326070325,23.4
-0.418934741512609,2.7312452421527236,-0.27259856706992697,-0.7458794812524225,1.6755133109052929,-1.0800164379495953,0.4410519326070325,18.9
-0.41899176439658775,3.375038763517294,-0.27259856706992697,-1.659786178519319,2.3300490780465393,-0.2606936229533507,0.43041650499984024,35.4
-0.4181259475459709,3.160440923062437,-0.27259856706992697,-1.1690502866016859,2.5634553251714953,-1.4896778454477175,0.4410519326070325,24.7
-0.4188509527851299,3.8042344444270078,-0.27259856706992697,-0.998359541586857,2.153306832260269,-0.2606936229533507,0.3971944991753105,31.6
-0.4025435716995182,0.585266837604155,-0.27259856706992697,-1.4001940038092666,1.9108685714991132,0.9682905995410162,0.3728536236207052,23.3
-0.40849839001216187,0.585266837604155,-0.27259856706992697,-0.7601037100036583,1.4912126958129397,0.9682905995410162,0.4410519326070325,19.6
-0.40314056638280654,0.585266837604155,-0.27259856706992697,-0.0844528443199605,1.6306860011214162,0.9682905995410162,0.4214257311463373,18.7
-0.400534969704673,0.585266837604155,-0.27259856706992697,0.8827947107640701,1.4372582985651137,0.9682905995410162,0.23470270831078072,16.0
-0.40768494111621933,0.585266837604155,-0.27259856706992697,-0.027555929315017734,1.6307335380352912,0.9682905995410162,0.4410519326070325,22.2
-0.4057962035509622,0.585266837604155,-0.27259856706992697,-0.895233883140398,1.9898273854450503,0.9682905995410162,0.4265789795745643,25.0
-0.41824697570788505,0.26337007692186976,-0.27259856706992697,-0.32270867590315927,2.580235855769277,-1.0800164379495953,0.4009223810170072,33.0
-0.416346600819367,2.9458430826075803,-0.27259856706992697,-1.8055845232194856,1.3388568868444093,-0.6703550304514729,0.4410519326070325,23.5
-0.415421433620119,2.9458430826075803,-0.27259856706992697,-1.332628917240897,1.3388568868444093,-0.6703550304514729,0.4410519326070325,19.4
-0.4137805710403208,0.04877223646701293,-0.27259856706992697,-1.6775664644583639,1.2849024895965833,-0.6703550304514729,0.4334865253400605,22.0
-0.4047441895281696,0.04877223646701293,-0.27259856706992697,-1.129933657535788,1.2849024895965833,-0.6703550304514729,0.4410519326070325,17.4
-0.40560302398482995,0.04877223646701293,-0.27259856706992697,-1.2650638306725273,1.2849024895965833,-0.6703550304514729,0.4410519326070325,20.9
-0.41024631596596106,-0.48772236467012914,-0.27259856706992697,-2.203862928254086,0.7093730733151489,-0.6703550304514729,0.2966513330330884,24.2
-0.40204200306696997,-0.48772236467012914,-0.27259856706992697,-1.8162526947829123,0.7093730733151489,-0.6703550304514729,0.22220333978274012,21.7
-0.40985297443973995,-0.48772236467012914,-0.27259856706992697,-2.1611902420003792,0.7093730733151489,-0.6703550304514729,0.37537542604302937,22.8
-0.39777925155647287,-0.48772236467012914,-0.27259856706992697,-2.2180871570053218,0.7093730733151489,-0.6703550304514729,0.22472514220506432,23.4
-0.41132858702923225,-0.48772236467012914,-0.27259856706992697,-2.22519927138094,0.21698571940062852,-0.2606936229533507,0.41934250305833054,24.1
-0.40944799559025785,-0.48772236467012914,-0.27259856706992697,-0.838336968135455,0.33635091014009183,-0.2606936229533507,0.2911691538541231,21.4
-0.40870204316922903,-0.48772236467012914,-0.27259856706992697,0.21069990226818106,0.12224465004827874,-0.2606936229533507,0.1862402443687284,20.0
-0.41038480011276673,-0.48772236467012914,-0.27259856706992697,-0.8098885106329836,0.1404512880623026,-0.2606936229533507,0.33206621052920343,20.8
-0.41394698476295283,-0.48772236467012914,-0.27259856706992697,-0.5289599927960774,0.5795022246093688,-0.2606936229533507,0.3259261698487623,21.2
-0.4107571944571181,-0.48772236467012914,-0.27259856706992697,-1.1370457719114055,0.33635091014009183,-0.2606936229533507,0.43184187158637116,20.3
-0.41573098641886114,0.585266837604155,-0.27259856706992697,-1.2472835447334825,0.7632799336490999,-0.6703550304514729,0.4410519326070325,28.0
-0.41532484383705287,0.585266837604155,-0.27259856706992697,0.0649015575680149,0.7632799336490999,-0.6703550304514729,0.427127197492461,23.9
-0.41625932089490963,0.585266837604155,-0.27259856706992697,-1.2935122881749985,0.7632799336490999,-0.6703550304514729,0.4410519326070325,24.8
-0.4163850039861282,0.585266837604155,-0.27259856706992697,-0.777883995942703,0.7632799336490999,-0.6703550304514729,0.3724150492863877,22.9
-0.41463009563837233,-0.48772236467012914,-0.27259856706992697,-0.7316552525011869,0.46793308774536224,-1.0800164379495953,0.4410519326070325,23.9
-0.4138434125859301,-0.48772236467012914,-0.27259856706992697,-0.44361462028866305,0.305499453035388,-1.0800164379495953,0.3906158841605526,26.6
-0.41447997416830573,-0.48772236467012914,-0.27259856706992697,-0.834780910947646,0.3005080770785405,-1.0800164379495953,0.4310743665013161,22.5
-0.4121955676121753,-0.48772236467012914,-0.27259856706992697,-0.41872221997400066,-0.02255278961416864,-1.0800164379495953,0.4218643054806541,22.2
-0.41393069251038744,-0.48772236467012914,-0.27259856706992697,0.6303146504296354,-0.1774755919319347,-1.4896778454477175,0.4410519326070325,23.6
-0.4143473086831305,-0.48772236467012914,-0.27259856706992697,-0.19469061714203756,-0.18089824973091578,-1.4896778454477175,0.43184187158637116,28.7
-0.41506649526065914,-0.48772236467012914,-0.27259856706992697,-0.08800890150776974,-0.3340621862353167,-1.4896778454477175,0.3893001611576009,22.6
-0.4159416219698849,-0.48772236467012914,-0.27259856706992697,0.18936355914132763,-0.3341572600630662,-1.4896778454477175,0.4043213321079657,22.0
-0.4156262505095123,0.7140255418770691,-0.27259856706992697,-0.5325160499838865,-0.06139044824982817,-0.6703550304514729,0.420329295310544,22.9
-0.4171716870385705,0.7140255418770691,-0.27259856706992697,-1.4108621753726938,-0.06139044824982817,-0.6703550304514729,0.4348022483430122,25.0
-0.41552035086783734,0.7140255418770691,-0.27259856706992697,0.31026950352683114,-0.08558673741206901,-0.6703550304514729,0.4410519326070325,20.6
-0.40631522816840193,-0.48772236467012914,-0.27259856706992697,-0.3831616480959113,-0.14253596023400336,-1.4896778454477175,0.014319105316378233,28.4
-0.40712984079667053,-0.48772236467012914,-0.27259856706992697,0.036453100065543004,-0.14253596023400336,-1.4896778454477175,0.385462635732325,21.4
-0.4064560397798598,-0.48772236467012914,-0.27259856706992697,0.2640407600853151,-0.14253596023400336,-1.4896778454477175,0.4410519326070325,38.7
-0.41098994092233776,-0.48772236467012914,-0.27259856706992697,-1.1263776003479788,-0.14253596023400336,-1.4896778454477175,0.4041020449408067,43.8
-0.41253421371906984,-0.48772236467012914,-0.27259856706992697,-0.21602696026889123,-0.14253596023400336,-1.4896778454477175,0.4410519326070325,33.2
-0.40321737271632896,-0.48772236467012914,-0.27259856706992697,0.40272699040986376,-0.48356578037136283,-0.2606936229533507,0.41758820572106137,27.5
-0.4072136295241496,-0.48772236467012914,-0.27259856706992697,0.09690607225829502,-0.44634437680744415,-0.2606936229533507,0.4265789795745643,26.5
-0.3938958767842838,-0.48772236467012914,-0.27259856706992697,0.5983101357393552,-0.5135615730263214,-0.2606936229533507,-3.1344253279141,18.6
-0.3958916777235419,-0.48772236467012914,-0.27259856706992697,0.6694312794955339,-0.5135615730263214,-0.2606936229533507,0.41440854179726194,19.3
-0.4042717142037738,-0.48772236467012914,-0.27259856706992697,0.7618887663785661,-0.6531774890764226,-0.2606936229533507,0.39489198392014535,20.1
-0.4050839993673902,-0.48772236467012914,-0.27259856706992697,1.000144597961765,-0.8024909355569698,-0.2606936229533507,0.409803511286931,19.5
-0.40059432005330403,-0.48772236467012914,-0.27259856706992697,0.8294538529469361,-0.7530050082133692,-0.2606936229533507,0.4275657718267784,19.5
-0.4052527405546744,-0.48772236467012914,-0.27259856706992697,0.5911980213637372,-0.7951227139063857,-0.2606936229533507,0.3400701921304929,20.4
-0.40561931623739533,-0.48772236467012914,-0.27259856706992697,1.0143688267130002,-0.6475205963253289,-0.2606936229533507,0.4228510977328682,19.8
-0.3898379421631799,-0.48772236467012914,-0.27259856706992697,0.8045614526322734,-0.5941841789578746,-0.2606936229533507,0.37888402071756705,19.4
-0.4079572544805263,-0.48772236467012914,-0.27259856706992697,-0.5040675924814151,-0.48356578037136283,-0.2606936229533507,0.4036634706064899,21.7
-0.4087823406997298,-0.48772236467012914,-0.27259856706992697,0.4631799626026153,-0.5312453049877234,0.1489677845447716,0.42668862315814354,22.8
-0.4061697616276397,-0.48772236467012914,-0.27259856706992697,0.8650144248250254,-0.6853124428557443,0.1489677845447716,0.41967143380906813,18.8
-0.39466859504881285,-0.48772236467012914,-0.27259856706992697,0.9539158545202489,-0.5928056084555072,0.1489677845447716,0.4410519326070325,18.7
-0.4039563427434012,-0.48772236467012914,-0.27259856706992697,0.555637449485648,-0.731375712400364,0.1489677845447716,0.35158276840632,18.5
-0.40057802780073865,-0.48772236467012914,-0.27259856706992697,0.6978797369980053,-0.6331644483351586,0.1489677845447716,-0.1289850584217732,18.3
-0.40520502752930443,-0.48772236467012914,-0.27259856706992697,0.13957875851200235,-0.506240888289612,0.1489677845447716,0.4015802425184831,21.2
-0.40294738681667425,-0.48772236467012914,-0.27259856706992697,0.49874053448070466,-0.4980170021892828,0.1489677845447716,0.41484711613157876,19.2
-0.4053214007619142,-0.48772236467012914,-0.27259856706992697,0.16091510163885575,-0.6263191327371964,0.1489677845447716,-0.197841228909577,20.4
-0.4036712283235072,-0.48772236467012914,-0.27259856706992697,-0.12001341619804987,-0.49240764635206385,0.1489677845447716,0.38184439747420806,19.3
-0.412488828158352,-0.48772236467012914,-0.27259856706992697,0.040009157253352245,-0.7308052694338673,-1.4896778454477175,0.3560781553330712,22.0
-0.4121792753596099,-0.48772236467012914,-0.27259856706992697,0.5520813922978387,-0.7594700285003333,-1.4896778454477175,0.23020732138402958,20.3
-0.4096958705757167,-0.48772236467012914,-0.27259856706992697,0.8650144248250254,-0.811998318331917,-1.4896778454477175,0.23481235189435992,20.5
-0.4030172107562401,-0.48772236467012914,-0.27259856706992697,1.0108127695251916,-0.8797384206034166,-1.4896778454477175,0.149509643869661,17.3
-0.4090558177963628,-0.48772236467012914,-0.27259856706992697,0.9681400832714843,-0.8503130709149547,-1.4896778454477175,0.24895637417609048,18.8
-0.40084801370039336,-0.48772236467012914,-0.27259856706992697,0.7049918513736233,-0.8566830173741694,-1.4896778454477175,0.31079535531481833,21.4
-0.37544024582469504,-0.48772236467012914,-0.27259856706992697,0.9610279688958663,-0.9687275233769231,-1.4896778454477175,0.0286824147652672,15.7
-0.3903592942452718,-0.48772236467012914,-0.27259856706992697,0.9752521976471022,-0.9539435431618801,-0.6703550304514729,0.38853265607254583,16.2
-0.3826460763878941,-0.48772236467012914,-0.27259856706992697,1.0748217989057522,-0.942439610004194,-0.6703550304514729,0.4410519326070325,18.0
-0.3179635062387133,-0.48772236467012914,-0.27259856706992697,0.9290234542055862,-0.8628628161778851,-0.6703550304514729,0.4410519326070325,14.3
-0.3809435359948127,-0.48772236467012914,-0.27259856706992697,1.0783778560935615,-0.7969766535475004,-0.6703550304514729,0.4206582260612822,19.2
-0.2816911333665637,-0.48772236467012914,-0.27259856706992697,1.0357051698398543,-0.7244828598885273,-0.6703550304514729,0.4410519326070325,19.6
-0.351851391574688,-0.48772236467012914,-0.27259856706992697,1.0428172842154722,-0.6976720404631759,-0.6703550304514729,0.31890898049968697,23.0
-0.38213519789673706,-0.48772236467012914,-0.27259856706992697,0.9539158545202489,-0.6299319381916764,-0.6703550304514729,0.35103455048842336,18.4
-0.30691735899939077,-0.48772236467012914,-0.27259856706992697,1.060597570154517,-0.6888301744824749,-0.6703550304514729,-1.0297070975257634,15.6
-0.3556067557910063,-0.48772236467012914,-0.27259856706992697,1.0534854557788988,-0.8006845328297298,-0.6703550304514729,0.41660141346884794,18.1
-0.38297075770687544,-0.48772236467012914,-0.27259856706992697,0.8863507679518788,-0.8690426149816008,-0.6703550304514729,0.2365666492316291,17.4
-0.37951563643069036,-0.48772236467012914,-0.27259856706992697,1.060597570154517,-0.9247083411289172,-0.6703550304514729,0.4101324420376686,17.1
-0.3914473839701735,-0.48772236467012914,-0.27259856706992697,1.0534854557788988,-1.0108452290699397,-0.6703550304514729,0.38776515098749076,13.3
-0.35714986485541234,-0.48772236467012914,-0.27259856706992697,1.0428172842154722,-1.0107976921560649,-0.6703550304514729,0.4410519326070325,17.8
-0.3866644441099106,-0.48772236467012914,-0.27259856706992697,0.8899068251396876,-1.037798659236915,-0.6703550304514729,0.34434629189008564,14.0
-0.2309873159184725,-0.48772236467012914,-0.27259856706992697,1.1174944851594597,-1.1197998356708356,-0.6703550304514729,0.4410519326070325,14.4
-0.03403609331731552,-0.48772236467012914,3.668397859712446,1.1174944851594597,-1.1757983202152753,-0.2606936229533507,0.4410519326070325,13.4
0.056310265819305205,-0.48772236467012914,-0.27259856706992697,1.1174944851594597,-1.132920023900263,-0.2606936229533507,0.4410519326070325,15.6
-0.0970300878613281,-0.48772236467012914,-0.27259856706992697,1.0392612270276629,-1.1642468501437142,-0.2606936229533507,0.4410519326070325,11.8
-0.14362593019829326,-0.48772236467012914,-0.27259856706992697,1.1174944851594597,-1.129449829187407,-0.2606936229533507,-2.014854695985818,13.8
-0.169727282540346,-0.48772236467012914,-0.27259856706992697,1.1174944851594597,-1.0831013381595391,-0.2606936229533507,-2.0547649604086846,15.6
-0.14487345125187034,-0.48772236467012914,-0.27259856706992697,0.9645840260836755,-1.1096269361016422,-0.2606936229533507,0.3841469127293733,14.6
-0.14925257599497727,-0.48772236467012914,-0.27259856706992697,0.8970189395153055,-1.0769215393558234,-0.2606936229533507,0.003464390542026947,17.8
-0.10235649071787879,-0.48772236467012914,-0.27259856706992697,0.9361355685812042,-1.0787754789969382,-0.2606936229533507,-0.052892411417735624,15.4
-0.2277335203347024,-0.48772236467012914,-0.27259856706992697,1.0214809410886183,-1.0348989074905561,-0.2606936229533507,0.17681089618090803,21.5
-0.24638582205740167,-0.48772236467012914,-0.27259856706992697,1.1174944851594597,-1.047448652753487,-0.2606936229533507,-0.16527708458652315,19.6
-0.2894136610825503,-0.48772236467012914,3.668397859712446,0.6907676226223873,-1.038606786772786,-0.2606936229533507,-0.14685696254520048,15.3
-0.17041039341576558,-0.48772236467012914,-0.27259856706992697,1.0641536273423255,-1.0324269879690702,-0.2606936229533507,-1.038588227795687,19.4
-0.25598312255073213,-0.48772236467012914,3.668397859712446,0.9752521976471022,-0.9724354026591526,-0.2606936229533507,-0.3909235795927331,17.0
-0.009136876468122015,-0.48772236467012914,3.668397859712446,0.49874053448070466,-0.9742893423002674,-0.2606936229533507,-2.9457287205741167,15.6
-0.13578935671434908,-0.48772236467012914,-0.27259856706992697,0.9041310538909235,-0.9786152014628685,-0.2606936229533507,-2.9389308183922,13.1
-0.2781254575193993,-0.48772236467012914,-0.27259856706992697,1.0250369982764276,-0.9116356898133647,-0.2606936229533507,0.07407485836709929,41.3
-0.26424678579835426,-0.48772236467012914,-0.27259856706992697,1.1174944851594597,-0.9686799864630485,-0.2606936229533507,-0.030525120367557824,24.3
-0.2546832335424806,-0.48772236467012914,-0.27259856706992697,1.1174944851594597,-0.964591811869821,-0.2606936229533507,0.08372349372207806,23.3
-0.27232076067682237,-0.48772236467012914,3.668397859712446,0.8543462532615982,-0.9491423148605318,-0.2606936229533507,-0.19466156498577694,27.0
-0.25022148380422077,-0.48772236467012914,-0.27259856706992697,0.7903372238810374,-0.8671411384266113,-0.2606936229533507,0.19468280030433469,50.0
-0.2071156747132236,-0.48772236467012914,3.668397859712446,1.0534854557788988,-0.8339603725420452,-0.2606936229533507,0.36112176017771963,50.0
-0.24374414967715907,-0.48772236467012914,3.668397859712446,0.9005749967031148,-0.7762980960119901,-0.2606936229533507,0.34840310448252,50.0
-0.1595667356011841,-0.48772236467012914,-0.27259856706992697,0.8258977957591268,-0.6527021199376751,-0.2606936229533507,0.4214257311463373,22.7
-0.08024208532503788,-0.48772236467012914,-0.27259856706992697,0.8685704820128342,-0.71858828256806,-0.2606936229533507,-1.2775015964149925,25.0
-0.18658510901620207,-0.48772236467012914,-0.27259856706992697,0.9823643120227202,-0.831488453020559,-0.2606936229533507,0.1384356419281513,50.0
-0.21101301427332586,-0.48772236467012914,-0.27259856706992697,0.37783459009520115,-0.6508481802965604,-0.2606936229533507,-1.41510429380702,23.8
-0.15281243318051116,-0.48772236467012914,-0.27259856706992697,0.978808254834911,-0.8057709826143266,-0.2606936229533507,-0.6533006750980098,23.8
-0.13545769300141114,-0.48772236467012914,-0.27259856706992697,0.9468037401446309,-0.7285234975678797,-0.2606936229533507,-0.2920250672041997,22.3
-0.2800060489583738,-0.48772236467012914,-0.27259856706992697,0.9254673970177769,-0.6508481802965604,-0.2606936229533507,-0.7059295952160757,17.4
-0.1512413945402788,-0.48772236467012914,-0.27259856706992697,1.0214809410886183,-0.6685319122579624,-0.2606936229533507,-0.09367982450923736,19.1
-0.40432524589077434,-0.48772236467012914,-0.27259856706992697,0.708547908561432,-0.569940352881759,-0.2606936229533507,0.4410519326070325,23.1
-0.40983668218717456,-0.48772236467012914,-0.27259856706992697,0.5520813922978387,-0.5460768221166412,-0.2606936229533507,0.42570183090593006,23.6
-0.4106873705175522,-0.48772236467012914,-0.27259856706992697,0.004448585375262888,-0.5196462980022877,-0.2606936229533507,0.40081273743342805,22.6
-0.41276230525498503,-0.48772236467012914,-0.27259856706992697,-1.2615077734847182,-0.31504742068542213,-0.2606936229533507,0.3759236439609254,29.4
-0.41234568908224195,-0.48772236467012914,-0.27259856706992697,-0.7601037100036583,-0.11415642265078575,-0.2606936229533507,0.40081273743342805,23.2
-0.4142041696070205,-0.48772236467012914,-0.27259856706992697,0.17158327320228298,-0.22700905618941017,-0.2606936229533507,0.42679826674172333,24.6
-0.4127879073661592,-0.48772236467012914,-0.27259856706992697,0.2071438450803723,-0.4182025237936003,-0.2606936229533507,0.37932259505188387,29.9
-0.4137910446312557,-0.48772236467012914,-0.27259856706992697,-0.3618253049690576,-0.45922688046749766,-1.0800164379495953,0.4410519326070325,37.2
-0.4128507489117685,-0.48772236467012914,-0.27259856706992697,0.5236329347953673,-0.5010593646772658,-1.0800164379495953,0.4263596924074059,39.8
-0.41250162921393907,-0.48772236467012914,-0.27259856706992697,-0.22669513183231793,-0.5690846884320137,-1.0800164379495953,0.4410519326070325,36.2
-0.40992396211163196,-0.48772236467012914,-0.27259856706992697,0.8401220245103628,-0.5202642778826593,-1.0800164379495953,0.410571016371986,37.9
-0.4088707843565132,-0.48772236467012914,-0.27259856706992697,0.9610279688958663,-0.4506702359700452,-1.0800164379495953,0.4410519326070325,32.5
-0.4108491293108799,-0.48772236467012914,-0.27259856706992697,0.7547766520029481,-0.38369072432054163,-1.0800164379495953,0.37636221829524286,26.4
-0.41348032810018753,-0.48772236467012914,-0.27259856706992697,0.008004642563071622,-0.24497800963406047,-1.0800164379495953,0.33371086428289337,29.6
-0.4139981889853011,-0.48772236467012914,-0.27259856706992697,-0.5325160499838865,-0.28324522530322344,-1.0800164379495953,0.3942341224186695,50.0
-0.41135302540808033,1.4436581994235824,-0.27259856706992697,-0.9770231984600034,-0.0030626549255265137,-0.2606936229533507,0.4078299267825034,32.0
-0.4058788285461152,1.4436581994235824,-0.27259856706992697,-1.4037500609970757,0.36682207193379784,-0.2606936229533507,0.28689305409452975,29.8
-0.4107769779066618,1.4436581994235824,-0.27259856706992697,-1.0552564565918001,0.36682207193379784,-0.2606936229533507,0.4410519326070325,34.9
-0.40996469274304537,1.4436581994235824,-0.27259856706992697,-1.6740104072705548,1.2762507712713813,-0.2606936229533507,0.23031696496760878,37.0
-0.4124748633704388,1.4436581994235824,-0.27259856706992697,-1.3432970888043239,1.2762507712713813,-0.2606936229533507,0.3622181960135123,30.5
-0.41043484060278895,1.4436581994235824,-0.27259856706992697,-1.503319662255726,1.2762507712713813,-0.2606936229533507,0.3707703955326984,36.4
-0.41797233487892593,2.087451720788153,-0.27259856706992697,-2.0865130410563912,1.1525597213693168,-1.89933925294584,0.40234774760353814,31.1
-0.4188428066588472,2.087451720788153,-0.27259856706992697,-1.7700239513413962,1.1525597213693168,-1.89933925294584,0.2195718937768367,29.1
-0.41891030313376093,2.9458430826075803,-0.27259856706992697,-1.3006244025506166,0.8810288693168221,-0.6703550304514729,0.4117770957913585,50.0
-0.41584968711612313,2.9458430826075803,-0.27259856706992697,-1.2259472016066288,1.670426861120696,-1.4896778454477175,0.4410519326070325,33.3
-0.4150874424425289,2.9458430826075803,-0.27259856706992697,-1.1370457719114055,1.670426861120696,-1.4896778454477175,-0.025920089857226842,30.3
-0.41613247407136494,2.9458430826075803,-0.27259856706992697,-1.0765927997186537,1.670426861120696,-1.4896778454477175,0.3895194483247593,34.6
-0.4168516606488935,3.589636603972151,-0.27259856706992697,-1.894485952914709,1.8341439925052887,-1.0800164379495953,0.4410519326070325,34.9
-0.4184483014003,3.589636603972151,-0.27259856706992697,-1.944270753544034,1.8341439925052887,-1.0800164379495953,0.30290101729710867,32.9
-0.4165083596126946,3.053142002835009,-0.27259856706992697,-1.0730367425308447,1.1765183259621839,-1.4896778454477175,0.4067334909467101,24.1
-0.4179839722021869,3.053142002835009,-0.27259856706992697,-1.880261724163473,1.1765183259621839,-1.4896778454477175,0.4243861079029783,42.3
-0.41643271701149825,3.589636603972151,-0.27259856706992697,-1.2579517162969094,0.6288930781252201,-0.6703550304514729,0.39587877617235884,48.5
-0.41817947923297133,3.589636603972151,-0.27259856706992697,-1.3041804597384257,0.6288930781252201,-0.6703550304514729,0.37142825703417426,50.0
-0.40464178108347293,-0.48772236467012914,-0.27259856706992697,-1.6455619497680836,0.07147522603006008,-0.6703550304514729,0.4410519326070325,22.6
-0.3937876496779566,-0.48772236467012914,-0.27259856706992697,-0.5716326790497848,0.2661388883471059,-0.6703550304514729,0.4187942851404339,24.4
-0.391192526590758,-0.48772236467012914,-0.27259856706992697,0.1466908728876203,0.2661388883471059,-0.6703550304514729,0.35914817567329205,22.5
-0.40470578636140836,-0.48772236467012914,3.668397859712446,-0.33693290465439496,0.21113867899403607,-0.6703550304514729,0.2702272293904756,24.4
-0.369812436295685,-0.48772236467012914,3.668397859712446,1.1174944851594597,0.0380092386622457,-0.6703550304514729,0.4410519326070325,20.0
-0.4002149433149961,-0.48772236467012914,3.668397859712446,0.8365659673225535,0.039007513853615165,-0.6703550304514729,0.40103202460058646,21.7
-0.37678668412599053,-0.48772236467012914,3.668397859712446,0.7121039657492407,-0.061818280474700865,-0.6703550304514729,0.4228510977328682,19.3
-0.39524231508557917,-0.48772236467012914,3.668397859712446,-0.5254039356082687,-0.06771285779516817,-0.6703550304514729,0.375704356793767,22.4
-0.40416465082977276,-0.48772236467012914,-0.27259856706992697,-1.28995623098719,0.07147522603006008,-0.6703550304514729,0.31945719841758363,28.1
-0.3868215479739338,-0.48772236467012914,-0.27259856706992697,-2.0900690982442005,-0.09865938872762169,-0.6703550304514729,-0.08490833782289284,23.7
-0.3974731899547091,-0.48772236467012914,-0.27259856706992697,-0.9307944550184873,0.07147522603006008,-0.6703550304514729,0.4051984807766,25.0
-0.41521079806909533,-0.48772236467012914,3.668397859712446,-0.44717067747647204,-0.3246498772881189,-0.2606936229533507,0.39609806333951786,23.3
-0.4123561626731768,-0.48772236467012914,-0.27259856706992697,0.5876419641759281,-0.1777608134151831,-0.2606936229533507,0.39587877617235884,28.7
-0.40763606435852323,-0.48772236467012914,3.668397859712446,0.8970189395153055,-0.43056212140103167,-0.2606936229533507,0.4410519326070325,21.5
-0.40722177565043227,-0.48772236467012914,3.668397859712446,0.8472341388859808,-0.2052371496347807,-0.2606936229533507,0.4064045601959725,23.0
-0.3788453266108579,-0.48772236467012914,3.668397859712446,0.708547908561432,-0.44368230963045896,0.9682905995410162,0.38403726914579406,26.7
-0.3730708868087595,-0.48772236467012914,3.668397859712446,0.8081175098200821,-0.35512103908182485,0.9682905995410162,0.4228510977328682,21.7
-0.34795172454993345,-0.48772236467012914,3.668397859712446,0.3244937322780671,-0.24859081508854045,0.9682905995410162,0.3696739596969051,27.5
-0.3489827913908563,-0.48772236467012914,-0.27259856706992697,0.4347315051001439,-0.24859081508854045,0.9682905995410162,0.4410519326070325,30.1
-0.3838214460372531,-0.48772236467012914,-0.27259856706992697,0.3458300754049205,-0.42813773879342004,0.9682905995410162,0.31112428606555653,44.8
-0.3591968700170187,-0.48772236467012914,-0.27259856706992697,0.5129647632319406,-0.42813773879342004,0.9682905995410162,0.2776829930738684,50.0
-0.3760465503665921,-0.48772236467012914,-0.27259856706992697,0.6374267648052533,-0.2754016345138918,0.9682905995410162,0.33667124103953444,37.6
-0.37252742381247167,-0.48772236467012914,-0.27259856706992697,0.40272699040986376,-0.2754016345138918,0.9682905995410162,0.16891655816319778,31.6
-0.3858160832441851,-0.48772236467012914,-0.27259856706992697,-1.8340329807219569,-0.1996277937975618,0.9682905995410162,0.22845302404676043,46.7
-0.3691060507737435,-0.48772236467012914,-0.27259856706992697,-1.6775664644583639,-0.1996277937975618,0.9682905995410162,0.25948215819970355,31.5
-0.358024991564638,-0.48772236467012914,-0.27259856706992697,-0.01688775775159103,-0.05872838107284301,0.9682905995410162,0.23766308506742237,24.3
-0.36664126570706784,-0.48772236467012914,-0.27259856706992697,0.2960452747755957,-0.05872838107284301,0.9682905995410162,0.2134318530963956,31.7
-0.3535690604880087,-0.48772236467012914,-0.27259856706992697,0.16802721601447373,0.020610728184092174,0.9682905995410162,0.3205536342533769,41.7
-0.3819431820629309,-0.48772236467012914,-0.27259856706992697,0.0649015575680149,-0.0680456161922914,0.9682905995410162,0.2442417000821803,48.3
-0.3683926828578454,-0.48772236467012914,3.668397859712446,-0.0737846727565338,-0.0680456161922914,0.9682905995410162,0.0386599808709836,29.0
-0.3820618827601929,-0.48772236467012914,-0.27259856706992697,-0.2515875321469806,-0.0680456161922914,0.9682905995410162,0.22012011169473333,24.0
-0.359935840044091,-0.48772236467012914,3.668397859712446,0.28182104602435976,0.1677850135402761,0.9682905995410162,0.34840310448252,25.1
-0.3609541058294268,-0.48772236467012914,-0.27259856706992697,0.10757424382172172,0.1677850135402761,0.9682905995410162,0.3661653650223674,31.5
-0.41092360817975015,0.7998646780590118,-0.27259856706992697,-1.780692122904823,1.1384412579485201,0.1489677845447716,0.24928530492682874,23.7
-0.40975056599504334,0.7998646780590118,-0.27259856706992697,-0.9379065693941051,1.1384412579485201,0.1489677845447716,0.2971995509509844,23.3
-0.4073334939537377,0.7998646780590118,-0.27259856706992697,-0.507623649669224,1.207940226033385,0.1489677845447716,0.37910330788472546,22.0
-0.40816789003154996,0.7998646780590118,-0.27259856706992697,-0.1235694733858591,1.207940226033385,0.1489677845447716,0.41605319555095127,20.1
-0.40854261184055357,0.7998646780590118,-0.27259856706992697,-0.5574084502985491,1.5404134016732918,0.1489677845447716,0.1762626782630114,22.2
-0.4056716841920697,0.7998646780590118,-0.27259856706992697,-2.1611902420003792,1.5404134016732918,0.1489677845447716,0.19775282064455493,23.7
-0.3965352216998741,0.4565081333312409,-0.27259856706992697,0.28182104602435976,1.977467787837619,0.5586291920428939,0.17341194508994956,17.6
-0.3982517268808687,0.4565081333312409,-0.27259856706992697,0.05778944319239692,1.977467787837619,0.5586291920428939,0.3558588681659128,18.5
-0.3809703018383129,0.4565081333312409,-0.27259856706992697,-1.1974987441041576,2.025289923195604,0.5586291920428939,0.3673714444417399,24.3
-0.3976419311419933,0.4565081333312409,-0.27259856706992697,0.37783459009520115,2.025289923195604,0.5586291920428939,0.2134318530963956,20.5
-0.4013868217673768,0.4565081333312409,-0.27259856706992697,-0.6925386234352886,1.9164303904224573,0.5586291920428939,0.19775282064455493,24.5
-0.3983215508204346,0.4565081333312409,-0.27259856706992697,-1.8162526947829123,1.9164303904224573,0.5586291920428939,0.4064045601959725,26.2
-0.40419025294094696,0.4565081333312409,-0.27259856706992697,-1.9762752682343143,1.71211673458884,0.5586291920428939,0.4342540304251155,24.4
-0.39560307210666956,0.4565081333312409,-0.27259856706992697,-2.122073612934481,1.71211673458884,0.5586291920428939,0.22362870636927104,24.8
-0.4109503740232504,0.4565081333312409,-0.27259856706992697,-2.1967508138784684,2.429924134097361,0.5586291920428939,0.3225272187578039,29.6
-0.37758267703704157,0.4565081333312409,-0.27259856706992697,-2.1398538988735254,2.429924134097361,0.5586291920428939,0.4410519326070325,42.8
-0.4149093913966359,2.9458430826075803,-0.27259856706992697,-1.3006244025506166,2.578999896008534,-1.89933925294584,0.39708485559173134,21.9
-0.4163884951831065,2.9458430826075803,-0.27259856706992697,-1.7593557797779693,2.578999896008534,-1.89933925294584,0.4221932362313924,20.9
-0.41872759715856356,3.375038763517294,-0.27259856706992697,-1.22239114441882,1.207940226033385,-1.0800164379495953,0.3252683083472865,44.0
-0.34935053080590334,0.3706689971492982,-0.27259856706992697,0.6516509935564893,-0.9479063550997887,-0.2606936229533507,0.36210855242993306,50.0
-0.3433026139071718,0.3706689971492982,-0.27259856706992697,1.1174944851594597,-0.9034118037130353,-0.2606936229533507,0.29182701535559896,36.0
-0.3441009342828751,0.3706689971492982,-0.27259856706992697,1.1174944851594597,-0.8482214467044663,-0.2606936229533507,0.38655907156811825,30.1
-0.35766307081122156,0.3706689971492982,-0.27259856706992697,0.4702920769782333,-0.8000190160354835,-0.2606936229533507,0.39609806333951786,33.8
-0.3583601464745542,0.3706689971492982,-0.27259856706992697,0.7405524232517127,-0.7868512908921814,-0.2606936229533507,0.3475259558138857,43.1
-0.3599870442664393,0.3706689971492982,-0.27259856706992697,0.8152296241957001,-0.7161638999604484,-0.2606936229533507,0.33096977469341077,48.8
-0.32447924353253615,0.3706689971492982,-0.27259856706992697,0.9219113398299682,-0.8158488083557707,-0.2606936229533507,0.4028959655214348,31.0
-0.3565039934144279,0.3706689971492982,-0.27259856706992697,0.8187856813835088,-0.8865361992875039,-0.2606936229533507,0.3422630638020789,36.5
-0.33188523605582404,0.3706689971492982,-0.27259856706992697,-0.2053587887054645,-0.8597253798621526,-0.2606936229533507,0.39171231999634526,22.8
-0.32908296861458,0.3706689971492982,-0.27259856706992697,0.5698616782368834,-0.7901313379495384,-0.2606936229533507,0.3003792148747845,30.7
-0.35321412212854875,0.3706689971492982,-0.27259856706992697,-0.05600438681748912,-0.652892267593174,-0.2606936229533507,0.3055324633030121,50.0
-0.35761768525050375,0.3706689971492982,-0.27259856706992697,-0.5680766218619758,-0.43878600750136115,-0.2606936229533507,0.3686871674446916,43.5
-0.40996818394002366,0.3706689971492982,3.668397859712446,-0.2515875321469806,0.0582124270590087,-1.0800164379495953,0.38009010013693895,20.7
-0.3857032012085536,0.3706689971492982,-0.27259856706992697,-0.941462626581914,0.3013637415282859,-1.0800164379495953,0.3505959761541059,21.1
-0.4016521527377271,0.3706689971492982,-0.27259856706992697,-1.8589253810366195,0.3013637415282859,-1.0800164379495953,0.4410519326070325,25.2
-0.4071810450190189,0.3706689971492982,-0.27259856706992697,-0.3511571334056307,0.0582124270590087,-1.0800164379495953,0.41978107739264736,24.4
-0.39469652462463917,0.3706689971492982,3.668397859712446,-0.5965250793644474,0.2716531703565756,-1.0800164379495953,0.3738404158729186,35.2
-0.41394931222760506,1.2290603589687255,3.668397859712446,-1.2686198878603363,0.13431902617246194,-0.6703550304514729,0.4410519326070325,32.4
-0.40934093221625684,1.2290603589687255,-0.27259856706992697,-0.9165702262672517,0.2244965517928367,-0.6703550304514729,0.4410519326070325,32.0
-0.408334303754182,1.2290603589687255,3.668397859712446,-0.6960946806230975,0.47164096702759195,-0.6703550304514729,0.35717459116886446,33.2
-0.4133872295140997,1.2290603589687255,3.668397859712446,-1.4570909188142098,0.5075788739168925,-0.6703550304514729,0.4032248962721724,33.1
-0.4112331609784922,1.2290603589687255,-0.27259856706992697,-1.2970683453628076,0.1641246711719215,-0.6703550304514729,0.4410519326070325,29.1
-0.39603481679965197,0.3706689971492982,-0.27259856706992697,-1.2935122881749985,0.14530005327752582,-0.2606936229533507,0.4410519326070325,35.1
-0.41635358321332355,0.3706689971492982,-0.27259856706992697,-0.1449058165127125,0.42766932169346056,-0.2606936229533507,0.33590373595447937,45.4
-0.4162057892079091,0.3706689971492982,-0.27259856706992697,-1.115709428784552,0.6891223480045111,-0.2606936229533507,0.3898483790754975,35.4
-0.41338490204944744,0.3706689971492982,3.668397859712446,-0.6712022803084349,0.6735302402535975,-0.2606936229533507,0.22362870636927104,46.0
-0.41877065525462914,3.375038763517294,3.668397859712446,-1.55666052007286,0.9935012075444486,-1.89933925294584,0.42592111807308847,50.0
-0.4194630759886575,3.375038763517294,-0.27259856706992697,-1.6989028075852175,1.6696187335848254,-1.89933925294584,0.41714963138674455,32.2
-0.4192419668466989,1.8728538803332961,-0.27259856706992697,-1.3041804597384257,1.6696187335848254,-1.89933925294584,0.41714963138674455,22.0
-0.41823068345531966,2.9458430826075803,-0.27259856706992697,-1.3184046884896612,2.516679001918755,-1.89933925294584,-0.16527708458652315,20.1
-0.41601260964177683,1.7655549601058678,-0.27259856706992697,-1.3255168028652793,1.6743248880584243,0.1489677845447716,0.4410519326070325,23.2
-0.41517588609931233,1.7655549601058678,-0.27259856706992697,-0.8170006250086013,1.6743248880584243,0.1489677845447716,0.4410519326070325,22.3
-0.41551685967085905,1.7655549601058678,-0.27259856706992697,-1.6242256066412297,1.6743248880584243,0.1489677845447716,0.16496938915434328,24.8
-0.416442026870107,2.9458430826075803,-0.27259856706992697,-1.4464227472507831,0.6282750982448483,-0.6703550304514729,0.4410519326070325,28.5
-0.41134022435249323,2.9458430826075803,-0.27259856706992697,-1.4535348616264008,0.6282750982448483,-0.6703550304514729,0.4410519326070325,37.3
-0.4163105251172579,2.9458430826075803,-0.27259856706992697,-1.6064453207021852,0.6282750982448483,-0.6703550304514729,0.4410519326070325,27.9
-0.4108991698009021,-0.48772236467012914,-0.27259856706992697,-1.784248180092632,0.8117675858013311,-0.6703550304514729,0.4410519326070325,23.9
-0.4109759761344246,-0.48772236467012914,-0.27259856706992697,-0.9343505122062963,0.8117675858013311,-0.6703550304514729,0.4410519326070325,21.7
-0.40546803103500256,-0.48772236467012914,-0.27259856706992697,-1.332628917240897,1.029344040606,-0.6703550304514729,0.4410519326070325,28.6
-0.41426584742030365,-0.48772236467012914,-0.27259856706992697,-0.6249735368669188,1.029344040606,-0.6703550304514729,0.3966462812574145,27.1
-0.4041053004811418,-0.48772236467012914,-0.27259856706992697,-0.3760495337202933,1.2002867828995525,-0.6703550304514729,0.4410519326070325,20.3
-0.41299272425555245,2.516647401697867,-0.27259856706992697,-1.72379520789988,1.9170483703028287,-0.2606936229533507,0.12681342206874496,22.5
-0.41404590201067115,2.516647401697867,-0.27259856706992697,-2.0829569838685824,1.9170483703028287,-0.2606936229533507,0.16343437898423255,29.0
-0.4153772117917273,2.516647401697867,-0.27259856706992697,-0.7529915956280405,1.9170483703028287,-0.2606936229533507,0.3748272081251327,24.8
-0.4164012962386936,0.9715429504228973,-0.27259856706992697,-1.001915598774666,0.80653852527511,0.5586291920428939,0.42844292049541266,22.0
-0.40973427374247795,0.9715429504228973,-0.27259856706992697,-1.784248180092632,0.80653852527511,0.5586291920428939,0.29533561003013664,26.4
-0.408880094215122,0.9715429504228973,-0.27259856706992697,-1.8091405804072942,0.80653852527511,0.5586291920428939,0.3701125340312225,33.1
-0.4140994336976717,0.928623382331926,-0.27259856706992697,-0.9770231984600034,0.10788850205810843,0.5586291920428939,0.40574669869449664,36.1
-0.4141413280614112,0.928623382331926,-0.27259856706992697,-0.3724934765324843,-0.20205217640517342,0.5586291920428939,0.40223810401995896,28.4
-0.4117859338333888,0.928623382331926,-0.27259856706992697,0.11824241538514893,-0.33078213917795973,0.5586291920428939,0.4410519326070325,33.4
-0.41477788964378687,0.928623382331926,-0.27259856706992697,0.061345500380205656,-0.2910888160925548,0.5586291920428939,0.4410519326070325,28.2
-0.3631477412641215,-0.48772236467012914,-0.27259856706992697,0.4951844772928959,-0.22700905618941017,-0.6703550304514729,0.4410519326070325,22.8
-0.3798566100022371,-0.48772236467012914,-0.27259856706992697,0.28893316039997774,-0.3292134210200935,-0.6703550304514729,0.4338154560907987,20.3
-0.1138180903976183,-0.48772236467012914,-0.27259856706992697,-1.0943730856576985,-0.6064011658236819,-0.6703550304514729,-0.0682425131188387,16.1
-0.3285348506889878,-0.48772236467012914,-0.27259856706992697,-0.5609645074863581,-0.5489290369491255,-0.6703550304514729,0.4410519326070325,22.1
-0.390063706234443,-0.48772236467012914,-0.27259856706992697,0.776112995129802,-0.4568500347737609,-0.6703550304514729,0.4344733175922746,19.4
-0.38916879607567356,-0.48772236467012914,-0.27259856706992697,0.5058526488563226,-0.253011748078891,-0.6703550304514729,0.40256703477069655,21.6
-0.37755241999656297,-0.48772236467012914,-0.27259856706992697,0.6658752223077247,-0.09162392547416062,-0.6703550304514729,0.4277850589939368,23.8
-0.3910098206155606,-0.48772236467012914,-0.27259856706992697,0.3244937322780671,0.07128507837456116,-0.6703550304514729,0.4357890405952263,16.2
-0.38347930873338026,-0.48772236467012914,-0.27259856706992697,0.5200768776075586,0.09676486421142005,-0.6703550304514729,0.3730729107878636,17.8
-0.39198037337552644,-0.48772236467012914,-0.27259856706992697,0.11113030100953096,0.11249958270395767,-0.6703550304514729,0.4410519326070325,19.8
-0.37373305050230926,-0.48772236467012914,-0.27259856706992697,-0.048892272441871144,-0.1248046913587266,-0.6703550304514729,0.42252216698212997,23.1
-0.3651854365671192,-0.48772236467012914,-0.27259856706992697,-0.34760107621782194,0.09833358236928628,-0.6703550304514729,0.4337058125072195,21.0
-0.4010132636906993,-0.48772236467012914,-0.27259856706992697,-0.5787447934254027,0.35431986358474216,-0.2606936229533507,0.4410519326070325,23.8
-0.39938520216648815,-0.48772236467012914,-0.27259856706992697,-0.507623649669224,0.35431986358474216,-0.2606936229533507,0.4410519326070325,23.1
-0.37965412057749603,-0.48772236467012914,-0.27259856706992697,-0.6640901659328172,0.4402190669563909,-0.2606936229533507,0.4410519326070325,20.4
-0.387476729273527,-0.48772236467012914,-0.27259856706992697,0.20358778789256307,0.4402190669563909,-0.2606936229533507,0.3777875848817738,18.5
-0.38082367156522456,-0.48772236467012914,-0.27259856706992697,-1.0125837703380927,0.4402190669563909,-0.2606936229533507,0.4410519326070325,25.0
-0.3981900490675855,-0.48772236467012914,-0.27259856706992697,-1.9158222960415623,0.7705055445580599,-0.2606936229533507,0.40574669869449664,24.6
-0.38520163257600537,-0.48772236467012914,-0.27259856706992697,-1.4108621753726938,0.7705055445580599,-0.2606936229533507,0.4410519326070325,23.0
-0.39246797722016147,-0.48772236467012914,-0.27259856706992697,-0.8845657115769711,0.7705055445580599,-0.2606936229533507,0.4410519326070325,22.2
-0.41281700067431165,-0.48772236467012914,-0.27259856706992697,-1.5210999481947707,0.6748137369282153,-0.6703550304514729,0.2825073107513578,19.3
-0.41269248131541914,-0.48772236467012914,-0.27259856706992697,-1.826920866346339,0.6748137369282153,-0.6703550304514729,0.20323499982352017,22.6
-0.41522941778631284,-0.48772236467012914,-0.27259856706992697,-1.2935122881749985,0.9880819993627287,-0.6703550304514729,0.13043166032686185,19.8
-0.4146719900021119,1.0144625185138687,-0.27259856706992697,-1.4286424613117383,1.352737665695832,-1.89933925294584,0.40947458053619273,17.1
-0.41648392123384653,1.0144625185138687,-0.27259856706992697,-1.6100013778899942,1.352737665695832,-1.89933925294584,0.06113691550474123,19.4
-0.414602166062546,-0.48772236467012914,-0.27259856706992697,-1.0837049140942714,1.2660778717021877,-0.2606936229533507,0.3622181960135123,22.2
-0.41616738604114784,-0.48772236467012914,-0.27259856706992697,-1.0694806853430359,1.2660778717021877,-0.2606936229533507,0.3588192449225538,20.7
-0.415907873732428,-0.48772236467012914,-0.27259856706992697,-1.2117229728553933,1.0411807321608093,-0.2606936229533507,0.4410519326070325,21.1
-0.4165293067945644,-0.48772236467012914,-0.27259856706992697,-0.7921082246939389,0.6826573277175467,-0.2606936229533507,0.4410519326070325,19.5
-0.4169785074724382,-0.48772236467012914,-0.27259856706992697,-0.31915261871535033,0.8651515400826604,-0.2606936229533507,0.41813642363895803,18.5
-0.41667011840602225,-0.48772236467012914,-0.27259856706992697,-1.112153371596743,0.4835251954962758,-0.2606936229533507,0.4327190202550054,20.6
-0.41412038087954145,-0.48772236467012914,-0.27259856706992697,-0.8241127393842193,0.4835251954962758,-0.2606936229533507,0.4410519326070325,19.0
-0.4133592999382733,-0.48772236467012914,-0.27259856706992697,-0.35826924778124863,0.4835251954962758,-0.2606936229533507,0.4410519326070325,18.7
-0.4190034017198488,1.0144625185138687,-0.27259856706992697,-0.6854265090596708,1.5415542876062853,-1.89933925294584,0.41736891855390296,32.7
-0.4176104141255095,-0.48772236467012914,-0.27259856706992697,-0.31559656152754134,1.1750446816320672,-1.89933925294584,0.3649592856029949,16.5
-0.41755804617083503,1.8728538803332961,-0.27259856706992697,-0.43294644872523635,0.9208172662299766,-0.2606936229533507,0.4410519326070325,23.9
-0.41696919761382945,1.8728538803332961,-0.27259856706992697,-1.439310632875165,1.2694054556734191,-0.2606936229533507,0.34314021247071375,31.2
-0.41689471874495915,-0.48772236467012914,-0.27259856706992697,-0.7138749665621422,2.0053719562820893,-1.0800164379495953,0.3175932574967353,17.5
-0.41334649888268626,-0.48772236467012914,-0.27259856706992697,-0.5787447934254027,2.0053719562820893,-1.0800164379495953,0.08701280122945734,17.2
-0.418341238026299,3.160440923062437,-0.27259856706992697,-1.4535348616264008,2.253372035966589,-0.6703550304514729,0.3920412507470835,23.1
-0.41877065525462914,2.9458430826075803,-0.27259856706992697,-1.382413717870222,2.162433919724218,-0.6703550304514729,0.375704356793767,24.5
-0.4171437574627441,1.2290603589687255,-0.27259856706992697,-1.2117229728553933,2.3754468307969123,-1.89933925294584,0.363753206183623,26.6
-0.4132894759987074,1.2290603589687255,-0.27259856706992697,-0.8596733112623086,2.3754468307969123,-1.89933925294584,0.4410519326070325,22.9
-0.411265745483623,2.087451720788153,-0.27259856706992697,-1.1619381722260682,3.2872999127421076,-0.6703550304514729,0.15466289229788802,24.1
-0.41208734050584817,2.087451720788153,-0.27259856706992697,-1.780692122904823,3.2872999127421076,-0.6703550304514729,0.39094481491129024,18.6
-0.4185285989308008,3.375038763517294,-0.27259856706992697,-1.1548260578504501,3.9605176870361256,-0.2606936229533507,0.30465531463437723,30.1
-0.41551220474155465,2.9458430826075803,-0.27259856706992697,-1.659786178519319,3.2280689180541855,-0.6703550304514729,0.28645447976021293,18.2
-0.4081131946122234,2.9458430826075803,-0.27259856706992697,-1.7451315510267336,3.2280689180541855,-0.6703550304514729,0.21233541726060293,20.6
0.6248586761284551,-0.48772236467012914,3.668397859712446,1.0250369982764276,-0.7952177877341352,1.3779520070391384,0.23086518288550542,17.8
0.027484616101856905,-0.48772236467012914,3.668397859712446,0.7974493382566554,-0.6131514075938945,1.3779520070391384,0.38009010013693895,21.7
0.18482937271659344,-0.48772236467012914,3.668397859712446,0.5271889919831765,-0.5097586199163425,1.3779520070391384,0.424934325820875,22.7
0.07538500237637799,-0.48772236467012914,-0.27259856706992697,0.4525117910391886,-0.6112974679527796,1.3779520070391384,0.373511485122181,22.6
0.10804049517901489,-0.48772236467012914,-0.27259856706992697,0.6907676226223873,-0.6069716087901786,1.3779520070391384,0.1961081668908656,25.0
0.025988056330494853,-0.48772236467012914,-0.27259856706992697,0.8010053954444641,-0.7128363159892168,1.3779520070391384,-0.06604964144725271,19.9
0.007528934173927876,-0.48772236467012914,-0.27259856706992697,0.9823643120227202,-0.804059653714836,1.3779520070391384,0.26441611946077276,20.8
0.07085575616320444,-0.48772236467012914,3.668397859712446,0.7263281945004767,-0.8986105754116869,1.3779520070391384,-0.039844824971798365,16.8
-0.016204222884515406,-0.48772236467012914,3.668397859712446,0.5094087060441319,-0.8986105754116869,1.3779520070391384,-0.023288643851323426,21.9
0.10966390177392157,-0.48772236467012914,-0.27259856706992697,0.6872115654345786,-1.0371806793565437,1.3779520070391384,-0.0216439900976341,27.5
0.009708604820709505,-0.48772236467012914,-0.27259856706992697,0.8116735670078914,-0.9710568321567853,1.3779520070391384,-0.44563572779880634,21.9
1.153104708520178,-0.48772236467012914,-0.27259856706992697,1.1174944851594597,-1.0859535529920232,1.3779520070391384,-2.4697659242563543,23.1
0.14950427795788776,-0.48772236467012914,-0.27259856706992697,1.1174944851594597,-1.170616796602929,1.3779520070391384,0.20663395091447864,50.0
0.2393164839568294,-0.48772236467012914,3.668397859712446,1.0037006551495735,-1.1591128634452428,1.3779520070391384,0.20455072282647188,50.0
0.3404192209835742,-0.48772236467012914,3.668397859712446,1.0285930554642362,-1.2324623215539612,1.3779520070391384,0.38787479457107,50.0
0.6538751779473835,-0.48772236467012914,-0.27259856706992697,1.1174944851594597,-1.2482921138742482,1.3779520070391384,0.1038979131006699,50.0
0.541569189817293,-0.48772236467012914,3.668397859712446,0.7476645376273301,-1.2670691948547694,1.3779520070391384,-0.09642091409871997,50.0
0.8721680876768522,-0.48772236467012914,-0.27259856706992697,1.1174944851594597,-1.2458677312666369,1.3779520070391384,0.4410519326070325,13.8
1.7321779139865585,-0.48772236467012914,-0.27259856706992697,1.1174944851594597,-1.2635514632280387,1.3779520070391384,0.4410519326070325,13.8
1.861456938092789,-0.48772236467012914,-0.27259856706992697,1.0428172842154722,-1.1783177766506363,1.3779520070391384,0.4410519326070325,15.0
1.3585965626625685,-0.48772236467012914,-0.27259856706992697,0.8792386535762609,-1.1647222192824618,1.3779520070391384,0.06957947144034751,13.9
0.7226738693339729,-0.48772236467012914,-0.27259856706992697,1.0748217989057522,-1.1584948835648712,1.3779520070391384,0.4410519326070325,13.3
2.331500061927045,-0.48772236467012914,-0.27259856706992697,0.9823643120227202,-1.1451370107660703,1.3779520070391384,0.4410519326070325,13.1
1.658688217593468,-0.48772236467012914,-0.27259856706992697,1.1174944851594597,-1.1451370107660703,1.3779520070391384,0.4064045601959725,10.2
9.933930601860267,-0.48772236467012914,-0.27259856706992697,0.8294538529469361,-1.1306857889481503,1.3779520070391384,0.4410519326070325,10.4
1.426837826264957,-0.48772236467012914,-0.27259856706992697,1.085489970469179,-1.081865378398796,1.3779520070391384,0.4410519326070325,10.9
0.6486057979748115,-0.48772236467012914,-0.27259856706992697,1.1174944851594597,-1.0527727871074573,1.3779520070391384,0.4410519326070325,11.3
0.5095933166930973,-0.48772236467012914,-0.27259856706992697,1.1174944851594597,-1.0752577473702076,1.3779520070391384,0.4410519326070325,12.3
1.9168273221685335,-0.48772236467012914,-0.27259856706992697,0.8045614526322734,-1.119752298756961,1.3779520070391384,-0.7767593502083071,8.8
1.5359260945133866,-0.48772236467012914,-0.27259856706992697,1.0499293985910896,-1.1261222452161757,1.3779520070391384,0.4410519326070325,7.2
2.4182679441609136,-0.48772236467012914,-0.27259856706992697,1.1174944851594597,-1.106584573613659,1.3779520070391384,0.4410519326070325,10.5
2.209180157130881,-0.48772236467012914,-0.27259856706992697,0.7441084804395214,-1.082245673709794,1.3779520070391384,0.4410519326070325,7.4
1.2475415867830333,-0.48772236467012914,-0.27259856706992697,1.1174944851594597,-1.0484469279448563,1.3779520070391384,0.17812661918385975,10.2
0.5281269177185345,-0.48772236467012914,-0.27259856706992697,1.0783778560935615,-0.9825607653144716,1.3779520070391384,0.4410519326070325,11.5
0.3896904839382388,-0.48772236467012914,-0.27259856706992697,1.0108127695251916,-0.8882475281869944,1.3779520070391384,0.4139699674629445,15.1
0.19545192138921633,-0.48772236467012914,-0.27259856706992697,0.4951844772928959,-0.7735409550072552,1.3779520070391384,0.23799201581815999,23.2
0.9268402323569377,-0.48772236467012914,-0.27259856706992697,1.0108127695251916,-0.9626427984009569,1.3779520070391384,0.4410519326070325,9.7
0.5855012488598197,-0.48772236467012914,-0.27259856706992697,0.8543462532615982,-0.9525649726595129,1.3779520070391384,0.4410519326070325,13.8
1.134205695544346,-0.48772236467012914,-0.27259856706992697,0.9290234542055862,-0.956890831822114,1.3779520070391384,0.4410519326070325,12.7
0.5938789578753993,-0.48772236467012914,-0.27259856706992697,1.0748217989057522,-0.9837016512474653,1.3779520070391384,0.3871072894860149,13.1
0.2628320230702923,-0.48772236467012914,-0.27259856706992697,0.9752521976471022,-1.0069472021322112,1.3779520070391384,0.4410519326070325,12.5
0.4723003505709597,-0.48772236467012914,-0.27259856706992697,1.0783778560935615,-1.027578222753847,1.3779520070391384,0.3993873708468971,8.5
4.042605524928546,-0.48772236467012914,-0.27259856706992697,1.1174944851594597,-1.0959363049057178,1.3779520070391384,0.4410519326070325,5.0
0.7335035623606413,-0.48772236467012914,-0.27259856706992697,0.3280497894658758,-1.0908023182072466,1.3779520070391384,-0.202994477337804,6.3
2.4941782037922886,-0.48772236467012914,-0.27259856706992697,1.1174944851594597,-1.0487796863419794,1.3779520070391384,0.4410519326070325,5.6
1.2361951966035776,-0.48772236467012914,-0.27259856706992697,1.1174944851594597,-1.0557676126815656,1.3779520070391384,0.4410519326070325,7.2
0.696166374410112,-0.48772236467012914,-0.27259856706992697,1.1174944851594597,-1.0249161555768616,1.3779520070391384,0.21310292234565797,12.1
2.465736585742453,-0.48772236467012914,-0.27259856706992697,0.9752521976471022,-0.9945876045247799,1.3779520070391384,0.4410519326070325,8.3
4.412369834222935,-0.48772236467012914,-0.27259856706992697,0.5983101357393552,-1.0399378203612784,1.3779520070391384,-0.2983843950517998,8.5
7.483645639967817,-0.48772236467012914,-0.27259856706992697,1.1174944851594597,-1.126455003613299,1.3779520070391384,0.3102471373969223,5.0
1.9902937439151018,-0.48772236467012914,-0.27259856706992697,1.1174944851594597,-1.2440137916255223,1.3779520070391384,0.14852285161744755,11.9
0.9702707227669163,-0.48772236467012914,-0.27259856706992697,1.1174944851594597,-1.1931017568656794,1.3779520070391384,-0.26954813257044263,27.9
0.4410971957112932,-0.48772236467012914,-0.27259856706992697,1.0428172842154722,-1.1125266878480011,1.3779520070391384,-0.4608761859163296,17.2
1.2597142269140187,-0.48772236467012914,-0.27259856706992697,1.1174944851594597,-1.1073927011495295,1.3779520070391384,-1.944134584577166,27.5
5.5303209306122705,-0.48772236467012914,-0.27259856706992697,1.1174944851594597,-1.132349580933766,1.3779520070391384,-3.8821945679249596,15.0
1.214607961954459,-0.48772236467012914,-0.27259856706992697,1.1174944851594597,-1.0779198145471929,1.3779520070391384,-3.5264011392101153,17.2
1.768579461146905,-0.48772236467012914,-0.27259856706992697,1.1174944851594597,-1.0653700692842625,1.3779520070391384,-3.59503802253076,17.9
2.914250661543895,-0.48772236467012914,-0.27259856706992697,1.1174944851594597,-1.048494464858731,1.3779520070391384,-1.5975512168829835,16.3
4.903104118815214,-0.48772236467012914,-0.27259856706992697,1.1174944851594597,-1.0157890681129125,1.3779520070391384,-2.942877987401055,7.0
1.6840459449791438,-0.48772236467012914,-0.27259856706992697,1.1174944851594597,-0.9318864151240025,1.3779520070391384,-3.611923134401973,7.2
0.840293459265027,-0.48772236467012914,-0.27259856706992697,0.7903372238810374,-0.9391120260329624,1.3779520070391384,-3.6742006898750184,7.5
2.598274060361758,-0.48772236467012914,-0.27259856706992697,0.7298842516882854,-1.020875517897509,1.3779520070391384,-2.514281219189552,10.4
8.136883506576424,-0.48772236467012914,-0.27259856706992697,1.1174944851594597,-0.9471457644777929,1.3779520070391384,-3.7303382046676226,8.8
0.9541181180806756,-0.48772236467012914,-0.27259856706992697,0.28182104602435976,-0.9512339390710202,1.3779520070391384,-3.379478737213847,8.4
0.8697591617618293,-0.48772236467012914,-0.27259856706992697,1.1174944851594597,-0.9203824819663162,1.3779520070391384,-0.4158126730652351,16.7
0.3967240821171753,-0.48772236467012914,-0.27259856706992697,0.9503597973324396,-0.9129191864879825,1.3779520070391384,-0.4023265122849804,14.2
0.9815705636533281,-0.48772236467012914,-0.27259856706992697,0.6765433938711515,-0.8765059104599344,1.3779520070391384,-0.7140432204009444,20.8
0.39996274918070607,-0.48772236467012914,-0.27259856706992697,0.5876419641759281,-0.8429448492643706,1.3779520070391384,-3.8830717165935944,13.4
0.6026500084172003,-0.48772236467012914,-0.27259856706992697,0.07201367194363237,-0.8231219561786055,1.3779520070391384,-3.870681991649133,11.7
1.425196963685159,-0.48772236467012914,-0.27259856706992697,0.9539158545202489,-0.8962812666318248,1.3779520070391384,-3.826495627466673,8.3
1.004728836942679,-0.48772236467012914,-0.27259856706992697,-0.31559656152754134,-0.8544487824220567,1.3779520070391384,-3.640430466132593,10.2
3.9623196317510434,-0.48772236467012914,-0.27259856706992697,0.36005430415615647,-0.9184810054113268,1.3779520070391384,-3.704352675359327,10.9
0.4368169882159047,-0.48772236467012914,-0.27259856706992697,0.3387179610293025,-0.8839216690243934,1.3779520070391384,-2.8501195156929624,11.0
0.6662794008112622,-0.48772236467012914,-0.27259856706992697,0.9610279688958663,-0.8684246351012292,1.3779520070391384,-3.24494606016204,9.5
0.5677392023665854,-0.48772236467012914,-0.27259856706992697,0.6232025360540174,-0.8282559428770768,1.3779520070391384,-2.99572619468628,14.5
0.7504649610135201,-0.48772236467012914,-0.27259856706992697,0.9147992254543502,-0.8113803384515454,1.3779520070391384,-3.0189706344050924,14.1
0.32939751212309976,-0.48772236467012914,-0.27259856706992697,0.22136807383160775,-0.7580439210840911,1.3779520070391384,-2.8367429984962875,16.1
0.22896973984549188,-0.48772236467012914,-0.27259856706992697,0.6872115654345786,-0.7031863224726453,1.3779520070391384,-2.8121828357745233,14.3
1.1986299171171328,-0.48772236467012914,-0.27259856706992697,0.9396916257690129,-0.7476808738593986,1.3779520070391384,-2.807358518097034,11.7
0.8782544077423448,-0.48772236467012914,-0.27259856706992697,0.9254673970177769,-0.7940293648872668,1.3779520070391384,-2.706267134036915,13.4
1.257677695343347,-0.48772236467012914,-0.27259856706992697,0.8792386535762609,-0.8520719367283198,1.3779520070391384,-3.6092916883960697,9.6
1.345702408489402,-0.48772236467012914,-0.27259856706992697,1.1174944851594597,-0.894094568593587,1.3779520070391384,-3.808514079759667,8.7
1.1712472954840463,-0.48772236467012914,-0.27259856706992697,0.6872115654345786,-0.9385891199803403,1.3779520070391384,-3.154709390876272,8.4
0.6723005518664935,-0.48772236467012914,-0.27259856706992697,0.9005749967031148,-0.9402053750520813,1.3779520070391384,0.4410519326070325,12.8
2.1456403721259285,-0.48772236467012914,-0.27259856706992697,0.8472341388859808,-0.9169122872534604,1.3779520070391384,0.38129617955631145,10.5
0.7111168436034935,-0.48772236467012914,-0.27259856706992697,1.0179248839008095,-0.8223613655566095,1.3779520070391384,0.32110185217127296,17.1
0.238896376587108,-0.48772236467012914,-0.27259856706992697,1.1174944851594597,-0.8510261246230758,1.3779520070391384,0.4277850589939368,18.4
0.7393210602588053,-0.48772236467012914,-0.27259856706992697,1.1174944851594597,-0.8635758698860062,1.3779520070391384,0.32954440810687985,15.4
1.0693276183643807,-0.48772236467012914,-0.27259856706992697,0.9965885407739556,-0.902936434574288,1.3779520070391384,-1.2735544274061372,10.8
0.821394446289195,-0.48772236467012914,-0.27259856706992697,0.9325795113933949,-0.8590598630679062,1.3779520070391384,-3.438576628763092,11.8
0.31124561530062267,-0.48772236467012914,-0.27259856706992697,0.9894764263983382,-0.8190813184992528,1.3779520070391384,-0.4239262982501038,14.9
0.7344694601913025,-0.48772236467012914,-0.27259856706992697,0.9965885407739556,-0.7591848070170849,1.3779520070391384,0.349170609567575,12.6
0.6651389431316863,-0.48772236467012914,-0.27259856706992697,1.0712657417179436,-0.7289513297927525,1.3779520070391384,0.4410519326070325,14.1
0.4553086948776024,-0.48772236467012914,-0.27259856706992697,1.0570415129667077,-0.7653646058208006,1.3779520070391384,-0.5752344435895447,13.0
0.3612453746914246,-0.48772236467012914,-0.27259856706992697,0.8543462532615982,-0.699478443190416,1.3779520070391384,-3.9071933049810412,13.4
0.21268563340640204,-0.48772236467012914,-0.27259856706992697,1.0534854557788988,-0.6844567784059992,1.3779520070391384,-0.015175018666454763,15.2
0.1718421199573394,-0.48772236467012914,-0.27259856706992697,0.8258977957591268,-0.6782769796022835,1.3779520070391384,0.31156286039987335,16.1
0.539339478680489,-0.48772236467012914,-0.27259856706992697,1.092602084844797,-0.6381082873781311,1.3779520070391384,0.21047147633975458,17.8
0.6866144594774992,-0.48772236467012914,-0.27259856706992697,0.9076871110787322,-0.6174772667564954,1.3779520070391384,-3.8374599858246032,14.9
0.13253124198174793,-0.48772236467012914,-0.27259856706992697,0.6374267648052533,-0.6461420258229615,1.3779520070391384,-3.3523967720697585,14.1
0.12280942212952496,-0.48772236467012914,-0.27259856706992697,0.6872115654345786,-0.5773085745323432,1.3779520070391384,-3.795795424064467,12.7
0.5338105863991973,-0.48772236467012914,-0.27259856706992697,0.41695121916109923,-0.4829002635771166,1.3779520070391384,-3.8723266454028225,13.5
0.48163464755859203,-0.48772236467012914,-0.27259856706992697,0.5378571635466033,-0.4810463239360017,1.3779520070391384,-0.9260939110433204,14.9
0.37095672095271265,-0.48772236467012914,-0.27259856706992697,0.5627495638612658,-0.512230539437829,1.3779520070391384,0.4410519326070325,20.0
0.13948570636250976,-0.48772236467012914,-0.27259856706992697,0.7618887663785661,-0.5692748360875126,1.3779520070391384,-1.11226871596098,16.4
0.009261731607487828,-0.48772236467012914,-0.27259856706992697,0.7049918513736233,-0.5837260579054326,1.3779520070391384,0.38107689238915304,17.7
0.3539371356835289,-0.48772236467012914,-0.27259856706992697,0.5129647632319406,-0.5041968009929985,1.3779520070391384,0.4410519326070325,19.5
0.2569086255304534,-0.48772236467012914,-0.27259856706992697,0.7583327091907573,-0.4722519948691755,1.3779520070391384,0.40728170886460674,20.2
0.4917695923865798,-0.48772236467012914,-0.27259856706992697,-0.11290130182243188,-0.39533726821985193,1.3779520070391384,0.4410519326070325,21.4
-0.05235905879172901,-0.48772236467012914,-0.27259856706992697,-0.7245431381255689,-0.34632671001499865,1.3779520070391384,-0.2442204647636232,19.9
0.0187892081612524,-0.48772236467012914,-0.27259856706992697,0.5734177354246925,-0.43902369207073466,1.3779520070391384,-3.669376372197529,19.0
0.09411760162957798,-0.48772236467012914,-0.27259856706992697,0.9219113398299682,-0.596465950823862,1.3779520070391384,-0.27831961925678655,19.1
1.3920771416844087,-0.48772236467012914,-0.27259856706992697,0.08623790069486831,-0.4214825708509571,1.3779520070391384,0.13229560124771023,19.1
1.1010742362203352,-0.48772236467012914,-0.27259856706992697,-0.4222782771618094,-0.4617463369028587,1.3779520070391384,0.4410519326070325,20.1
0.0855653327650836,-0.48772236467012914,-0.27259856706992697,0.54852533511003,-0.3620614285075365,1.3779520070391384,0.4410519326070325,19.9
0.04944540882765285,-0.48772236467012914,-0.27259856706992697,0.7867811666932287,-0.33073460226408513,1.3779520070391384,0.4238378899850817,19.6
-0.005218589726149959,-0.48772236467012914,-0.27259856706992697,0.22848018820722574,-0.42713946360205063,1.3779520070391384,0.40234774760353814,23.2
0.1202561934060659,-0.48772236467012914,-0.27259856706992697,-0.03466804369063571,-0.5999836824505924,1.3779520070391384,0.19742388989381732,29.8
0.5169609060496239,-0.48772236467012914,-0.27259856706992697,0.9539158545202489,-0.6489942406554456,1.3779520070391384,-0.04488842981644679,13.8
0.32347062338628246,-0.48772236467012914,-0.27259856706992697,1.0250369982764276,-0.755381853907106,1.3779520070391384,-0.5911327632085438,13.3
0.1463843115916189,-0.48772236467012914,-0.27259856706992697,0.8899068251396876,-0.7081776984294926,1.3779520070391384,0.4334865253400605,16.7
1.3278042053140147,-0.48772236467012914,-0.27259856706992697,1.0214809410886183,-0.8054382242172036,1.3779520070391384,-0.07887794072603094,12.0
0.7703298718200136,-0.48772236467012914,-0.27259856706992697,1.000144597961765,-0.7722574583326374,1.3779520070391384,0.2524649688506282,14.6
1.2475415867830333,-0.48772236467012914,-0.27259856706992697,0.6907676226223873,-0.8765059104599344,1.3779520070391384,0.2921559461063366,21.4
0.25724145297571743,-0.48772236467012914,-0.27259856706992697,-0.13779370213709455,-0.17628716908506634,1.3779520070391384,0.4410519326070325,23.0
0.24376194144252386,-0.48772236467012914,-0.27259856706992697,0.224924131019417,-0.22025881441919748,1.3779520070391384,0.3990584400961589,23.7
0.24643619832789718,-0.48772236467012914,-0.27259856706992697,0.29960133196340444,-0.18275218937203042,1.3779520070391384,0.42328967206718504,25.0
-0.09253342615328529,-0.48772236467012914,-0.27259856706992697,-1.005471655962475,0.14415916734453227,1.3779520070391384,0.39741378634246954,21.8
-0.14371553758740283,-0.48772236467012914,-0.27259856706992697,-0.948574740957532,-0.033771501288606266,1.3779520070391384,0.154114674379992,20.6
0.006999435965553266,-0.48772236467012914,-0.27259856706992697,-0.5929690221766385,0.09348481715406307,1.3779520070391384,0.35026704540336834,21.2
0.2418499292307448,-0.48772236467012914,-0.27259856706992697,0.39917093322205455,-0.11843474489951199,1.3779520070391384,0.3947823403365661,19.1
0.1422251322581446,-0.48772236467012914,-0.27259856706992697,-0.5467402787351221,-0.3055400379104748,1.3779520070391384,0.34588130206019635,20.6
-0.40296135160458746,-0.48772236467012914,-0.27259856706992697,0.8579023104494075,-0.9384465092387161,-0.6703550304514729,0.4212064439791783,15.2
-0.3991780578124427,-0.48772236467012914,-0.27259856706992697,1.0570415129667077,-0.9695831878266685,-0.6703550304514729,-0.1384144066095936,7.0
-0.3963746266388725,-0.48772236467012914,-0.27259856706992697,1.046373341403281,-0.9376383817028455,-0.6703550304514729,-0.4193212677397728,8.1
-0.4082121118599417,-0.48772236467012914,-0.27259856706992697,1.0748217989057522,-0.9160090858898404,-0.6703550304514729,0.36660393935668484,13.6
-0.407562749221979,-0.48772236467012914,-0.27259856706992697,0.5307450491709853,-0.8010648281407277,-0.6703550304514729,0.4410519326070325,20.1
-0.40034877253249734,-0.48772236467012914,-0.27259856706992697,-0.5182918212326507,-0.671859496229194,0.1489677845447716,0.4410519326070325,21.8
-0.38798295283537965,-0.48772236467012914,-0.27259856706992697,-0.9236823406428694,-0.671859496229194,0.1489677845447716,0.4410519326070325,24.5
-0.39968777257127364,-0.48772236467012914,-0.27259856706992697,-1.4144182325605026,-0.4736781022854176,0.1489677845447716,0.4014705989349039,23.1
-0.3868157293123033,-0.48772236467012914,-0.27259856706992697,0.1538029872632383,-0.4736781022854176,0.1489677845447716,0.4410519326070325,19.7
-0.38928516930828333,-0.48772236467012914,-0.27259856706992697,0.07201367194363237,-0.4289458663292906,0.1489677845447716,0.4410519326070325,18.3
-0.3926902500944462,-0.48772236467012914,-0.27259856706992697,-0.11645735901024112,-0.6588343818275162,0.1489677845447716,0.4410519326070325,21.2
-0.399822765521101,-0.48772236467012914,-0.27259856706992697,0.1751393303900917,-0.6632077779039919,0.1489677845447716,0.42866220766257107,17.5
-0.39440559154311466,-0.48772236467012914,-0.27259856706992697,0.39561487603424583,-0.6164789915651259,0.1489677845447716,0.4410519326070325,16.8
-0.4132289619177503,-0.48772236467012914,-0.27259856706992697,0.01867281412649833,-0.6257962266845742,-1.89933925294584,0.38721693306959415,22.4
-0.4152492012358565,-0.48772236467012914,-0.27259856706992697,0.28893316039997774,-0.7166392690991957,-1.89933925294584,0.4410519326070325,20.6
-0.41344657986273065,-0.48772236467012914,-0.27259856706992697,0.7974493382566554,-0.7736835657488795,-1.89933925294584,0.4410519326070325,23.9
-0.407764074914394,-0.48772236467012914,-0.27259856706992697,0.7369963660639034,-0.668436838430213,-1.89933925294584,0.4032248962721724,22.0
-0.41500016251807154,-0.48772236467012914,-0.27259856706992697,0.4347315051001439,-0.613246481421644,-1.89933925294584,0.4410519326070325,11.9
